Date,Label,Location,Description,Image
09/01/1939 AD,Invasion of Poland,"Poland / Eastern Europe","Nazi German forces launch a massive surprise invasion of Poland utilizing Blitzkrieg tactics, combining rapid armored thrusts with close air support. In response to the aggression, Great Britain and France declare war on Germany on September 3, marking the official outbreak of World War II in Europe.",https://images.unsplash.com/photo-1579965342575-16428a7c8881?auto=format&fit=crop&w=1000&q=80
09/03/1939 - 05/08/1945 AD,Battle of the Atlantic,"Atlantic Ocean, North Sea & Caribbean","The longest continuous military campaign in World War II. German U-boat 'wolfpacks' and surface raiders duel with Allied naval convoys and anti-submarine air patrols to control transatlantic supply lanes vital to Britain and the Soviet Union's survival.",https://images.unsplash.com/photo-1509316975850-ff9c5deb0cd9?auto=format&fit=crop&w=1000&q=80
05/10/1940 - 06/25/1940 AD,Battle of France,"France, Belgium, Luxembourg & Netherlands","German forces execute Fall Gelb and Fall Rot, bypassing the Maginot Line by striking through the dense Ardennes forest. The rapid six-week campaign overwhelms Allied armies, resulting in the French armistice and the division of France into occupied and Vichy zones.",https://images.unsplash.com/photo-1509198397868-475647b2a1e5?auto=format&fit=crop&w=1000&q=80
05/26/1940 - 06/04/1940 AD,Miracle of Dunkirk (Operation Dynamo),"Dunkirk, Northern France","Allied naval forces and a flotilla of hundreds of civilian 'little ships' evacuate 338,226 British and French soldiers stranded on the beaches of Dunkirk, rescuing the core of the British Army from complete encirclement by German forces.",https://images.unsplash.com/photo-1544620347-c4fd4a3d5957?auto=format&fit=crop&w=1000&q=80
06/10/1940 - 05/13/1943 AD,North African Campaign,"Egypt, Libya & Tunisia","A three-year strategic conflict in the deserts of North Africa. British Commonwealth, American, and Free French forces fight Italian and German troops (the Afrika Korps led by Erwin Rommel) for control of the Suez Canal and Middle Eastern oil fields.",https://images.unsplash.com/photo-1509316975850-ff9c5deb0cd9?auto=format&fit=crop&w=1000&q=80
07/10/1940 - 10/31/1940 AD,Battle of Britain,"United Kingdom & English Channel Skies","The Royal Air Force (RAF) engages in the first major military campaign fought entirely by air forces, fiercely defending British skies against relentless bombing raids by the German Luftwaffe and preventing Operation Sea Lion.",https://images.unsplash.com/photo-1519074069444-1ba4fff16def?auto=format&fit=crop&w=1000&q=80
06/22/1941 AD,Operation Barbarossa,"Soviet Union / Eastern Front","Over 3.8 million Axis personnel launch the largest land invasion in human history against the Soviet Union along a 2,900-kilometer front, opening the Eastern Front and drawing the USSR into a total war of survival.",https://images.unsplash.com/photo-1447752875215-b2761acb3c5d?auto=format&fit=crop&w=1000&q=80
09/08/1941 - 01/27/1944 AD,Siege of Leningrad,"Leningrad (St. Petersburg), USSR","A prolonged military blockade undertaken by the German Army Group North and Finnish forces. Lasting 872 days, the siege caused widespread starvation and claimed over 1 million civilian lives before Soviet forces completely lifted the encirclement.",https://images.unsplash.com/photo-1534447677768-be436bb09401?auto=format&fit=crop&w=1000&q=80
12/07/1941 AD,Attack on Pearl Harbor,"Oahu, Hawaii, United States","A carrier-based strike force of the Imperial Japanese Navy launches a devastating surprise aerial attack on the United States Pacific Fleet stationed at Pearl Harbor, Hawaii, bringing the United States directly into World War II.",https://images.unsplash.com/photo-1508614589041-895b88991e3e?auto=format&fit=crop&w=1000&q=80
06/04/1942 - 06/07/1942 AD,Battle of Midway,"Midway Atoll, Central Pacific Ocean","In a decisive four-day naval and air clash near Midway Atoll, US Navy cryptanalysts and dive bombers ambush and sink all four Japanese fleet aircraft carriers (Akagi, Kaga, Soryu, and Hiryu), permanently turning the tide of the Pacific War.",https://images.unsplash.com/photo-1509316975850-ff9c5deb0cd9?auto=format&fit=crop&w=1000&q=80
08/23/1942 - 02/02/1943 AD,Battle of Stalingrad,"Stalingrad (Volgograd), USSR","The fierce five-month confrontation for Stalingrad on the Volga River devolves into savage close-quarters urban combat. Soviet Operation Uranus encircles the German 6th Army, culminating in the surrender of Field Marshal Paulus and turning the strategic tide on the Eastern Front.",https://images.unsplash.com/photo-1518709268805-4e9042af9f23?auto=format&fit=crop&w=1000&q=80
10/23/1942 - 11/11/1942 AD,Second Battle of El Alamein,"El Alamein, Egypt","British Eighth Army under Lieutenant-General Bernard Montgomery launches Operation Lightfoot against Field Marshal Erwin Rommel's Panzer Army Africa in Egypt. The crushing Allied victory halts Axis expansion toward the Suez Canal.",https://images.unsplash.com/photo-1509316975850-ff9c5deb0cd9?auto=format&fit=crop&w=1000&q=80
06/06/1944 AD,D-Day: Normandy Landings (Operation Overlord),"Normandy, Northern France","The largest amphibious invasion in human history commences as over 156,000 Allied troops land across five fortified beachheads (Utah, Omaha, Gold, Juno, Sword) in Normandy, France, establishing a western front to liberate Europe.",https://images.unsplash.com/photo-1469854523086-cc02fe5d8800?auto=format&fit=crop&w=1000&q=80
08/25/1944 AD,Liberation of Paris,"Paris, France","Following four years of German occupation and a week-long uprising by the French Resistance, the French 2nd Armored Division and US 4th Infantry Division liberate Paris. General Charles de Gaulle leads a triumphal procession down the Champs-Élysées.",https://images.unsplash.com/photo-1502602898657-3e91760cbb34?auto=format&fit=crop&w=1000&q=80
12/16/1944 - 01/25/1945 AD,Battle of the Bulge,"Ardennes Forest, Belgium & Luxembourg","Adolf Hitler launches a major counter-offensive through the forested Ardennes region in Belgium, aiming to split Allied armies and recapture Antwerp. Despite initial German surprise advances, stubborn American defense at Bastogne and Allied air power repel the assault.",https://images.unsplash.com/photo-1491557345352-5929e343eb89?auto=format&fit=crop&w=1000&q=80
02/19/1945 - 03/26/1945 AD,Battle of Iwo Jima,"Iwo Jima, Volcano Islands, Japan","United States Marine Corps units make amphibious landings on the volcanic island of Iwo Jima to secure key emergency airfields for B-29 bombers, culminating in the iconic raising of the American flag atop Mount Suribachi.",https://images.unsplash.com/photo-1509316975850-ff9c5deb0cd9?auto=format&fit=crop&w=1000&q=80
04/16/1945 - 05/02/1945 AD,Battle of Berlin,"Berlin, Germany","The final major European offensive of World War II. Soviet Red Army forces surround and assault the Nazi capital street-by-street. On April 30, Adolf Hitler commits suicide in his underground bunker, and the Berlin garrison surrenders on May 2.",https://images.unsplash.com/photo-1560969184-10fe8719e047?auto=format&fit=crop&w=1000&q=80
05/08/1945 AD,Victory in Europe (V-E Day),"Reims, France & Berlin, Germany","The German High Command issues an unconditional surrender of all German forces to Allied commanders in Reims and Berlin, formally ending the war in Europe and triggering jubilant celebrations across Allied nations.",https://images.unsplash.com/photo-1533105079780-92b9be482077?auto=format&fit=crop&w=1000&q=80
08/06/1945 AD,Atomic Bombing of Hiroshima,"Hiroshima, Japan","The US Army Air Forces B-29 Superfortress 'Enola Gay' drops the uranium-fueled atomic bomb 'Little Boy' over Hiroshima, Japan, followed by 'Fat Man' over Nagasaki on August 9, demonstrating the unprecedented destructive power of nuclear warfare.",https://images.unsplash.com/photo-1451187580459-43490279c0fa?auto=format&fit=crop&w=1000&q=80
09/02/1945 AD,Victory over Japan & Formal Surrender,"Tokyo Bay (USS Missouri), Japan","Representatives of the Empire of Japan sign the Japanese Instrument of Surrender aboard the battleship USS Missouri anchored in Tokyo Bay in the presence of General Douglas MacArthur and Allied representatives, officially concluding World War II.",https://images.unsplash.com/photo-1509316975850-ff9c5deb0cd9?auto=format&fit=crop&w=1000&q=80
